address,ath_mc,ath_token_symbol,ath_token_address,last_token_date,token_deployed,avg_tokens_per_day,avg_market_cap,median_market_cap,total_creator_fees,realized_pnl_usd,total_pnl_usd,winrate,launchpads_used
bwamJzztZsepfkteWRChggmXuiiCQvpLqPietdNfSXa,1.07375E+15,COPPERINU,61Wj56QgGyyB966T7YsMzEAKRLcMvJpDbPzjkrCZc4Bi,2026-03-22 1:25:20,8902,49,64188.7,2470.1,2109.74357,5503712.21,5503785.5,33.24,"Pump.fun, bonkers, jup_studio, letsbonk, pump_agent"
4dnWLzmdkLeuDe6hwRBpPqrDbQZ59hpoBu8JLztAescf,5431617.348,Sus,6Hi2PPiqkwYBY2vxbn1oasbTknvsWRZvNL3PjKZnpump,2026-01-13 19:53:41,7177,40,5886.2,3684.68,6.025081,889101.29,889029.55,29.77,"Moonshot, Pump.fun, bags, jup_studio, letsbonk, meteora_virtual_curve"
AxmFqz3pbhj6HDK9dC1u7LsYP3rbsTJyKkeCMSpAxrgU,8597973.963,TANAKI,5oY7mmN5yiBRF2Fq3c4fhftTEsPykHcA5X5G52tpump,2026-03-18 11:02:28,6140,34,2877,2484.11,1452.78419,150927.8,150927.8,11.56,Pump.fun
99UtKhdi1RfmMGRpi7kbWz6AQ2y4JkFmxC3swMVMDioZ,7437581.9,唢呐,C64cB3Ji5RgyeLz3YQmbYTzWRQ2w8X3jxW1B9V7MpxjC,2025-12-13 23:20:10,3790,21,4148.52,3932.07,687.85319,773097.85,772763.07,19.3,"Pump.fun, letsbonk"
moanTeQ4d1c1wtZYENytCm1yZDXwUcUYTnSNpjpB4jF,524757.0513,MASA,89XW4uFgDfhhZrxFVwDf8MTooGp6wLGUWEqovM4gW7YJ,2026-03-13 14:53:19,3435,19,3857.99,4059.28,201.124848,835836.53,835836.53,25.39,"Pump.fun, letsbonk"
Aqje5DsN4u2PHmQxGF9PKfpsDGwQRCBhWeLKHCFhSMXk,5328981.259,EVA,4gfNpwo8LQtcgGrNmgWhuwfFhttgZ8Qb6QXN4Yz8BAGS,2026-03-21 7:45:16,3339,19,3449.49,2504.17,7.070439,1351182.6,1351182.6,91.6,"Pump.fun, bags, letsbonk, pump_agent"
GpTXmkdvrTajqkzX1fBmC4BUjSboF9dHgfnqPqj8WAc4,3416367.9,ICM,HRwo5GY87abyVy5tzW3g1RtgjrnxUEtWfDL7ftpjpump,2026-03-16 9:31:17,3260,18,2791.79,2617.8,649.906023,2185689.35,2185689.35,90.13,"Pump.fun, bonkers, jup_studio"
5TaPtQ9DE1YMUfiyLv7CCNx1CEh88nWx3sPmNRz9zL75,2694734.465,SPICY,6MPXohgkQLLSiDQurtKzdsE9Ecmr5h9T4zDhJRmkpump,2025-12-05 13:37:32,2986,17,3982.78,3983.61,13.607812,1316537.88,1316537.88,41.74,Pump.fun
C4udGwTg6oqcrr8SmSLmkcXDbaFEcopsiaT21KUE4psU,37507184.65,America,9NTDE8Do6yPdGGmupijQDG2agZSRuvxc9qQJ14GWpump,2026-03-13 19:02:53,2814,16,2511.68,2493.59,2.488445,859469.31,859469.31,26.43,Pump.fun
HdKJM6Lvfp9aV9tvEMC8AD4GnsbFgMUkHLoK923Sn1ET,1038480.9,KISS,DRF1iHZMMc5wn9pmVv73ob6RWzDumxqMtdhExRJvpump,2026-03-11 22:05:09,2460,14,2434.46,2422.11,310.217902,1130736.12,1130736.12,95.26,Pump.fun
GZVSEAajExLJEvACHHQcujBw7nJq98GWUEZtood9LM9b,76125879.95,ALICE,HWrgYyGdivwuxV2ePxbk6vwkrKYqMa7is9fYMm5kcQWY,2026-03-22 4:27:49,2413,13,2384.87,2447.52,6.874444,2369244.46,2369244.46,74.66,"Pump.fun, pump_mayhem"
8i5U2uNBEuTc4zskYP14zbebDg2RSwrrG8REhEnJb97K,4252103.931,MEMELESS,3nSMUVeDed6G67RwLvBWxiYU2qEGVJXf2TD5MiTRpump,2026-03-22 1:30:13,2388,13,2623.6,2509.4,5151.982242,973166.38,973160.94,78.69,"Pump.fun, bonkers, letsbonk, pump_agent"
G7NvZKjoVqBDWciSYtWWgUPB7DA1iJavdvH5jty2FAmM,29489721.33,AMERICA,BYGijarB1F6SiAecCbvspbiS6BxAfM2NQ1w6ao5Efj8p,2026-03-22 0:10:34,2359,13,2611.68,2521.55,1.574832,633221.53,633244.65,28.16,"Pump.fun, letsbonk, pump_agent"
9sCcAxe56AuDQfJgU7kB1LpnQEYXDcGpAtXnN49H6SB3,99098837,CSC,GFLouK9pm9Eh3KMyJ2VTKAknKWqL3cP7ioRJLe99Q5TB,2025-11-29 2:02:19,2294,13,4334.94,4652.1,4.704281,1138726.14,1138726.14,17.61,"Pump.fun, letsbonk"
6nU2L7MQVUWjtdKHVpuZA9aind73nd3rXC4YFo8KQCy4,3988258.664,VVM,HWbNnWxMokZygvhKnYbDfZfRaokXHvF3uVHvnKSdBAGS,2026-03-21 7:28:23,2285,13,2746.04,2512.67,1.809578,376588.55,372815.16,19.33,"Pump.fun, bags, bonkers, pump_agent"
37uM1rp8TK7eVURVRnjtaxGkdJyXjgA9uz83DjApcHvq,5737698.6,BIG,FT6ZnLbmaQbUmxbpe69qwRgPi9tU8QGY8S7gqt4Wbonk,2026-03-21 23:54:43,2260,13,2839.56,2503.53,1.106066,260297.6,260297.6,32.56,"Pump.fun, letsbonk, pump_agent"
B9Zbs2W9VK22AHnCWiK4PqBueDFzN17RNAFu5uFozLMJ,24245952.72,AP,39zSVsSHFqNhARbVh6n8ZF78nCmhV3gSg8D39xhBNe73,2026-03-22 4:02:03,2227,12,4268.4,3179.25,114.956488,1839355.18,1839343.73,7.18,"Pump.fun, letsbonk"
8NJ7Ujpji8uMF2675mqaTSEm2DCbfJA7fiRKtiaqkaLN,610296.793,Skyline,7fkALJZ8mZj9YSFj7MGJkt1J6B8jhHn9d84F8euTpump,2026-03-22 6:06:30,2164,12,2654.87,2506.86,196.586878,598839.34,598839.34,50.28,"Pump.fun, bags, bonkers, letsbonk, pump_agent"
ANAUcDCU3Jfao3mtxBdttjEH7F3Ja7SyjGBKUa9Cruc5,2370522.607,Sora,48yjoFSJ8m6jgDorrYvwfxoLCPAuML9sGz975ZAJtbBY,2025-11-07 19:33:49,2111,12,4765.21,4416.9,775.779014,900672.98,900672.98,50.5,"Pump.fun, letsbonk, meteora_virtual_curve"
D8JCoSKzC2XiUWhtoT4f9BehQm1SYkqPryZxgLwynoq,323968.72,IMG,BExKEgL366oPrXVUxPyd3Ef73KfNp21fvRjjMVYen1yv,2026-03-05 23:30:45,2088,12,2697.87,2756.94,33.682051,12523.46,12523.46,6.25,Pump.fun
5zCkbcD74hFPeBHwYdwJLJAoLVgHX45AFeR7RzC8vFiD,17527025,CHARLIE,CsKfV8ePhQWiyQxNJwXhKZHcmUyNWBkHFGrkZGdJpump,2026-02-25 15:20:57,1961,11,2789.29,2426.87,3457.724022,1669694.4,1669691.65,86.74,"Pump.fun, bags, bonkers, jup_studio"
BoGxGZ5yWanwcqQPYnQyRNHL7rbrX53ry1S6jtMxADb7,3440152.755,BUTTPLUG,2ZqgkCpvXjzB4NstzBUPSrsYrrbziUv5mC9CsxSQZryG,2026-03-06 1:56:39,1880,10,2692.99,2564.88,600.995836,194180.49,194158.9,8.16,Pump.fun
7i4sDAo7n7bvTm4emGnoUwWy9QPmS6xe1hjVBHyNxz1w,82933.904,Eric,2BE8q8ydriv7NQ3cX6g7J7J8qLWNTXWEkhhZkFoXgxFF,2026-01-15 3:00:28,1823,10,4014.87,4043.93,9.659976,-263.77,-263.83,0.25,Pump.fun
CAYAFk8PJpZDtukE2NPVRzQaCZm7LnF8Tfe8dYbxa4Cs,216381.67,Derek,AVEzkc3k7qb1XC64LWAZqcVype13s1CvVkhPzN9Fpump,2026-02-12 23:50:01,1755,10,2348.26,2362.89,120.144423,508488.33,508488.33,95.34,Pump.fun
KWCbAtiCRwPGq4C6CftopH7BA9CyPSBVRM5jLMYyMaP,307579.93,PORGY,F42reUtaCxm3bNGjNQxTa3fKEJNyriHM23Ln3vBpump,2025-11-03 20:22:11,1721,10,4897.61,4754.07,62.055503,321175.89,321175.89,75.58,"Pump.fun, jup_studio"
78N177fzNJpp8pG49xDv1efYcTMSzo9tPTKEA9mAVkh2,9883163.3,8,8ZEfp4PkEMoGFgphvxKJrDySfS3T73DBfxKCdAsPpump,2026-03-21 19:42:59,1707,9,2635.34,2519.76,873.59281,554199.43,554035.9,58.41,"Pump.fun, letsbonk, pump_agent"
Ab8eACuFfA6cyT75398vHTCppw7AYsegLQbz21xLDyac,2579945.849,AGI,6ob7KUVQtXMpP1R9YcDWqoYsGKtYhUsSkMC4d7Vtpump,2025-11-14 16:59:12,1690,9,4404.96,4375.37,9.268677,121139.43,121139.43,21.8,"Pump.fun, letsbonk, pump_mayhem"
HUgpmqL6r4Z4iEZiVuNZ6J6QnAsSZpsL8giVyVtz3QhT,1918953.79,TERAFAB,EncFm8nRh1VBwcRmGugTUzoGsC1n2srWesKDkiMAYWLt,2026-03-18 8:39:06,1673,9,17988.38,2663.96,3.230956,702596.81,702596.81,96.39,"Pump.fun, meteora_virtual_curve"
7Kgagm8JHdeSRaN5Vgwi99ZCwV1xEG314btXBeabDqSJ,49305.248,-67,96hwmtbr2ARGPYRn68z4CJwo4MeBk3Cm2hpsoGAtpump,2025-11-13 0:27:16,1639,9,4437.49,4488.91,8.092084,119137.31,119137.16,87.35,"Pump.fun, pump_mayhem"
En5AaBtu96ZQTdkjA9FV17ccYUKqgVRaM3rkDW5rJGZs,2643671.529,69420,GJU3bXxNkNtYxgjkoFhAdq7VrXJAB2GW4Cpt6kLcbonk,2026-03-22 7:21:21,1633,9,3523.05,3528.24,464.311119,523470.31,523050.67,56.73,"Pump.fun, bonkers, letsbonk, pump_agent"
A8Z1ejQGk45EJibBPJviWnM3UvwKSuYun53nSCkWKM52,4.55E+18,Punch,NV2RYH954cTJ3ckFUpvfqaQXU4ARqqDH3562nFSpump,2026-03-22 4:06:34,1568,9,115973.2,2603.83,1848.493017,827016.93,826925.48,46.17,"Pump.fun, pump_agent, pump_mayhem"
ysxc5z3iEH7MFmYnCWzPUsUuy9RwdvqPfQFgTkTyFTe,854057.14,Mumdumi,FdbTgFitA4NMC96RPfUTafceHoU2VSshA5G2N8VYrF4J,2025-11-17 21:55:13,1493,8,3794.62,3667.21,256.199881,174865.21,174860.14,56.8,"Pump.fun, letsbonk"
whamNNP9tHoxLg92yHvJPdYhghEoCg1qYTsh5a2oLbx,2824048,ZIGGY,FDcjznQLP6KLCgrEPF35PNpFMebmGLDhPji8TCmVdkK8,2026-03-20 3:20:57,1402,8,2511.98,2501.21,733.531473,765889.25,765767.99,79.92,"Pump.fun, pump_agent, pump_mayhem"
HJHtD3tteTczSUJSFwkQCqhYpiWRS8df2ZmwHNhYTKKb,701160.44,Carson,2fzkMukojrUz8xZwcYQ5aaKBNaeN7nmprufDrZuwpump,2025-11-04 14:15:46,1402,8,4682.53,4665.41,185.12739,95837.08,95837.08,28.53,Pump.fun
E3ByvZD36sPVQQVDEGZ4uS5pFh6FzLCQc7YZLmWM5pnN,870948.54,Forever,5bnrEWuzqKRQRw9p8EecuiALqkCpNeJ98S9TknLspump,2026-03-17 14:08:40,1386,8,2581.61,2523.76,177.994179,299487.11,299487.11,53.65,"Pump.fun, bonkers, pump_agent"
B26bDpfLXj2E5u1Rz9B9zE2tGGvj9rBHXeu998FQb8V4,227868.78,John,5KtaBeC7LegjwM2Y8PyNEpXq1r9ombJdLoEVJHzApump,2025-11-18 5:04:14,1307,7,3835.47,3878.31,61.385245,234760.87,234760.87,81.87,Pump.fun
Eq8wRBS83Vj8ZDb6jHzNcMNBfSsRZDjQa1rgCZnQrYtd,124290.83,AI67,7EzzEvDqPJeUg3VWcmp13P6FpntAHpUj9FNQyAKP7JKC,2026-02-15 19:50:04,1298,7,2400.79,2383.3,11.062655,11841.09,11841.09,14.67,Pump.fun
3QEvxoxv68zcCQV26CengvzC56qXf4PVHsFAMBhxtVfZ,265410.64,ZEC,6LRA6CnrH6NVgiBySqQnajRs2L1vySHTr7f1e9Dhp4RE,2026-01-03 23:09:16,1284,7,4038.96,4117.82,70.981252,20983.84,20983.84,23.27,"Pump.fun, letsbonk"
6yUEc3nZPs12WnDXJwSDyPBUWktnz2tYgAyU5KpK74zK,1937113.392,Koko-chan,HKtA95wgE14YoTxUw5M2eWn5Tee1GBZ8zZ7CiP6xpump,2026-03-21 21:31:00,1256,7,2821.1,2550.28,1.715256,122803.56,122803.56,20.86,"Pump.fun, bonkers, jup_studio, letsbonk, pump_agent"
6ujZxnphRxTqveaQtLAQHFoWz16xhLWZbTijcgZN4fRp,4178358.7,BadBunny,HBQB6j9RkAroc3wotE94dyFBx2SntfnVNrKLiJSBpump,2026-03-21 19:55:48,1230,7,2806.97,2528.58,949.569032,69578.48,69578.48,48.72,"Pump.fun, letsbonk, pump_agent"
EVmchgiVXBMAZBNyj5QBNW6duDWLUtsvH6Rk8yofXxDa,530660.0553,Mirumi,3BRC7ZfRXXfXNFwYkQr1dJCPNZKDRYc4n7KGwrtzpump,2026-01-25 13:06:58,1179,7,5562.03,3697.02,289.730807,82309.9,82309.9,28.86,"Pump.fun, letsbonk"
D3sovmjANgA8V27e5rnQft8kV3mocSH8gw9zwth3Ba9g,20907855.04,BANG,CEK3J5DavCqqn3bV1smLZz7LxJR5eaRN5KxCxDZBq7SG,2026-01-01 16:36:09,1140,6,4217.35,4175.59,3.496815,1470754.31,1468606.05,16.71,"Pump.fun, letsbonk"
7GhWwhaMgbKiRWxF93Bud6HnHMci6NCLTJyTxG8zFH51,9374473.557,MACROHARD,HBsbZz9hvxzi3EnCYWLLwvMPWgV4aeC74mEdvTg9bonk,2026-03-22 2:59:31,1106,6,3229.54,2549.66,2.44365,1993361.32,1993361.04,13,"Pump.fun, letsbonk, pump_agent"
5iwz1mhAHNVcqQ71dLy7w9hdB4jtFsUTmc8QkjyT6VuU,17352186.61,SPSC,4nswj3o1Lo9iWYvvRJxUD8vbCy9ay7QQoXYcncHNbonk,2026-03-20 22:01:39,1077,6,11349.18,4315.53,17.561715,536782.33,536782.33,70.47,"Pump.fun, letsbonk, pump_agent, pump_mayhem"
99xnE2zEFi8YhmKDaikc1EvH6ELTQJppnqUwMzmpLXrs,1545869.616,Shitcoin,B5Rq38xn8mLKiaZNDeeMpucw5NvRUUWGLND7yhMQpump,2026-02-01 15:15:42,1053,6,3736.19,3791.75,87.413123,676202.87,676202.87,51.37,"Pump.fun, letsbonk"
FM1YCKED2KaqB8Uat8aB1nsffR1vezr7s6FAEieXJgke,914611.61,POM,H29HzbR5BxAy7eMmP9wweDQoRA7uA1Jdj4bs1k4bpump,2026-03-21 23:39:37,1049,6,2550.25,2518.55,317.378226,111646.39,111646.39,42.58,"Pump.fun, bonkers, pump_agent"
3DQFfzHwaXTtyTgXZ8J1QHx9YKhThpveRB1ypUFUpguG,489431.86,QUANTCAT,7xGFkFTDyMqdVtzYhP7StaUN2ypaeZMxkgr6i6Wwpump,2025-11-11 17:40:37,1045,6,4611.34,4675.64,152.822621,268775,268775,85.39,"Pump.fun, letsbonk"
23QuARJvRDKYy7c9QM8NCVZJSBKy3EALUkzSvf5Gft3U,659384.87,SAFESPACE,BAsWv39pJpT2CHr6Mh57q2JSiQc5e4LDD9wcsAsepump,2026-03-21 23:19:41,1037,6,2826.27,2630.55,257.94345,283396,283396,29.87,"Pump.fun, bonkers, letsbonk, pump_agent"
4nsMcCcPoGz4qEnEfFWMdkFYJpRfuY1km4yUv384aMcS,557992.4573,SS,C2rzJPuNKUnrHL3U7NfxQiawp1MhdDLUsrdTgLE7pump,2026-03-04 19:37:57,1009,6,3801.7,3948.43,6.5353,403036.99,403035.39,30.87,"Pump.fun, letsbonk, pump_mayhem"
HTM87R4mgjDdiF6Yfn8duK9vbDmZxiPCTRbGvm7eCAJY,7447318.664,priceless,AFk1RUr18RCFjhKHQN7ufxPBiQYWjXifAw4y4n44jups,2026-03-21 14:42:50,1000,6,2880.6,2509.16,7.06315,1646380.47,1646380.47,85.08,"Pump.fun, jup_studio, letsbonk, pump_agent"
2YVUC5e1AR8p7SbK9hQxm7tKTmpmBuUNvH7gd3kbUSWp,5.98E+29,KIMCHI,HaUXAdAWWUkb2WTmh8z1TdaEmZkYjnQnmC6tHUdTAHvi,2026-02-26 13:27:20,976,5,3192.99,2455.3,1475.236977,117200.78,117200.78,39.78,"Pump.fun, bags, bonkers"
FLVvBFjqeiwALRNoH8xjPesChet5wkzXB1vBbYt9pzJ7,192789.7,Zhimin,33ZB217fQm9rV5KmJbxYpYWzk3q28Gi4c1mwqFuuUckV,2025-11-27 15:55:03,975,5,4753.96,4657.21,54.528338,15523.94,15523.94,14.19,"Pump.fun, letsbonk"
CZGthGcVe6V88ujcWvyDhz6iocVR8f1opokW8A8rNw41,1003884.9,Zectardio,HfoKY7pPqdDgvB5GvUKGKeNsmn7QRrrfVNEfGJ7Ppump,2025-12-03 20:33:15,960,5,4258.46,4390.12,241.754457,-2849.12,-3329.84,31.73,"Pump.fun, letsbonk"
AMRsSeU5JpqwQWJGNLMpZzRCZSFEwYQYbMnms3dD4311,1941874.2,NOTHING,7mtXLUoAcT9Sxrf1K5PjSmfkPbYMyMP5pmrdFFixbonk,2026-03-21 22:42:17,955,5,12983.2,2613.53,143.814631,304019.21,304018.77,89.2,"Pump.fun, letsbonk, pump_agent"
4Lm2uqHgauVS1gzzNCd1F4FeGNwzUp6dXp5uqHxmrnDX,4028148.603,GOODRUDI,FT8X8hqoEwNT8UifNL3ppPbpccf7mnuNLpJsszv7AFHW,2026-03-14 18:43:58,953,5,4227.79,4360.43,23.747752,1048200.99,1048200.99,72.43,"Pump.fun, letsbonk, meteora_virtual_curve"
HZio8jHNYHJ994x7cyr9T1o7eua6PnxSpwjm1g34eHZe,2095921.164,Mortgage,FfoqzbWHM2U3cuTWtJvPBfVSyYHFsaUVyLHriVBHwYN,2026-02-19 0:44:15,951,5,2771.49,2645.17,6.779988,338447.31,338447.31,21.98,"Pump.fun, bonkers"
dtrzJPj7yDdvm6eRqBAgxsK2sMJeD9HhBEBB3XMedXy,386437.72,santahat,HacHT8s1vGNGf1kwZCUNufvZM9cQvLE6rknrRUx2rJj3,2026-03-22 2:46:36,943,5,2840.67,2530.55,151.757518,144797.17,144763.34,13.57,"Pump.fun, letsbonk, pump_agent"
FaBGrHWjcJ8vKnbgUtsdpZjvF7YAAajtQTWmmEHiKtQr,8044618.974,Jellybean,412zDygnwP9DzitnQVgRKUFFTDmrYScFch6P2k39pump,2026-03-22 0:17:24,856,5,8104.04,2529.32,2165.915015,571432.4,571432.4,84.77,"Pump.fun, bonkers, letsbonk, pump_agent"
C4ARzqpvZ4gR3ta89H5Yz7UyPTpRm22BL5U91e5dHTSf,34536933.66,IKUN,AtortPA9SVbkKmdzu5zg4jxgkR4howvPshorA9jYbonk,2026-03-21 23:54:45,841,5,4766.01,2522.65,1.369798,369600.27,369600.41,26.67,"Pump.fun, bags, jup_studio, letsbonk, pump_agent"
He9mv9JgbjLaYWcq1UzcpxGHbZk5jySAL44hvwPvXE17,263475.08,BELLATOR,6ibUsmCHxwvu15GorhjTBmTfDbB8mAC92C6MBtrZaYq1,2026-03-21 17:24:25,830,5,2823.34,2525.04,0,16217.93,16589.53,11.07,"Pump.fun, letsbonk"
5FqUo9aBjsp7QeeyN6Vi2ZmF2fjS4H5EU7wnAQwPy17z,2113944.702,ALOKA,7gASrhXxE5u2oLASrAsZh3SAJrgSjKhb4qTe3FsqHTKb,2026-03-22 7:08:19,829,5,3103.02,2540.68,1.208673,609217.55,609217.55,59.29,"Pump.fun, bags, bonkers, letsbonk, pump_agent"
5jzGvkv64wodTrTqzHmPTDJC1EqvvvAvh3EZAnxMsLoy,685660.7885,SOLCAT,84Y6h6XoaLAD1zxoQ2CDhcZYRpNsSBKsXULCnpjXpump,2026-02-16 6:49:13,821,5,2414.19,2414.46,430.769414,26717.51,26717.51,19.87,Pump.fun
F5Ue6NKAZwRqhHjRN3u6feLdEuuXqV2q6bhMuaB9w1Jk,1013485.92,Company,AWpiFo35mSrSXMbTrXbFsdqZb5LJR3Lb1ET5mMNvbonk,2026-03-21 19:24:06,813,5,2807.25,2617.44,2.024719,46658.5,46658.5,18.51,"Pump.fun, bonkers, letsbonk, pump_agent"
6ngkBx1mN6nVif5mH1PzMKXD3xto5NzLh4bdVAfsszvZ,198752.83,Crimefy,KwLPHFZXKmYwdmdE6TeUg5rAmUuJVNxJyKNVEiSpump,2026-03-20 11:12:02,812,5,3361.06,3528.62,43.653932,138536.28,138536.28,84.45,Pump.fun
CharmQwcPuoXmFgpWF8u8ULZJ6kvB8sPpgtkEwVitdZS,400456.1,🧃,FFFmEfBJ8hN3MW7UQZAvqEaDSqs1aejhSmqML9uUpump,2025-11-25 23:14:37,799,4,3909.14,3959.59,98.298658,2385.18,2385.17,14.3,"Pump.fun, letsbonk"
75GMVrr2xfgAeybuNg1VMHqFE3GTFJLzEHo6xC4MwUzF,387177.528,TAXLESS,DytHAWBim1qneP6gZxHniUS85Ty2yWXB1zf3oTNhXnnM,2026-03-20 20:22:33,797,4,2423.83,2524.58,150.913977,100092.13,100092.13,49.47,"Pump.fun, pump_agent, pump_mayhem"
7g44HEZ3W1LwM542pj5SGDBMFsmPifGmJgKoy5FcyQpN,277635.62,CLUELESS,EKapryJM6v2j9axmM5DDeJoUdw5q8hWr9YmjNnafbonk,2025-10-20 9:02:42,780,4,5920.75,6216.86,30.155678,118247.44,118247.44,76.48,"Pump.fun, letsbonk, ray_launchpad"
9wRuFPJZFviuHv9q4hsaxUUADDphX6oSjcMA3RuxTFRG,1791836.2,ROSCLAW,BVdMM5Fd7MxcTExnokXZzmCtiLvd2Es5zZQqRLNmrzSy,2026-03-22 1:39:16,773,4,2963.01,2532.34,722.949871,293470.67,293470.67,59.42,"Pump.fun, letsbonk, liquid, pump_agent"
FXTc3geaJqtcjcDGFUEyztU9SmBWLXgMSQ7Tc5s8LrLK,533567.21,Code,8pnWhXW1pWeFTFxTbxNb7eHRdHMxiKmkEZnwMVvabonk,2025-11-18 14:29:02,765,4,4035.84,3943.62,17.04616,292553.38,292553.38,80.82,"Pump.fun, letsbonk"
HHjTVadwjMLkN7U9PR3gYUuqeuFTUx8zHucVBhCYPKJu,457598.59,SURVIVED,6NjBoJGo78z53UDXz44rv3Z5Atbp8N7B9Qr3jQ6Jpump,2026-03-20 15:05:00,756,4,2569.49,2534.26,102.460154,129532.4,129618.97,40.67,"Pump.fun, bonkers, pump_agent"
ERiEvJG8SBYXV7nqZhcyWfd7mA9sZhSQ9771osscVS71,151069.01,Skeletor,Hf7P3o6kTFxGHtwXWduSrgkHSyFMcZgS5Nsy2q2Lpump,2025-12-23 13:38:24,743,4,3849.64,3873.45,23.208662,52098.28,52098.28,85.04,Pump.fun
Dwo2kj88YYhwcFJiybTjXezR9a6QjkMASz5xXD7kujXC,410140.98,Memes,CtN2k8YBUCaribQHWwEYJ6dEhAzSzGCyw4qyWhwWpump,2026-03-21 20:52:08,741,4,2682.28,2518.54,143.653341,127202.06,127204.09,37.18,"Pump.fun, bonkers, letsbonk, pump_agent"
C339tVfKsFR7sNxySSSDGzfNBYbJe1aTBFfJwTtPzNH1,203494.1832,Dwerklong,CRX2sctTcrdCTEiAjJRVRZHfaKCynpjbf711SFumpump,2025-12-04 12:40:00,730,4,4082.67,4013.51,40.709546,90820.14,90820.01,55.51,Pump.fun
2epb7KomGyLRUCjuYwvC2F8DqZiiCKT9EavdsRUBubge,197105.21,Conviction,J4diaCsManX54pWzDzBgEDFgvwduUdr5iJ7fhCHZpump,2025-11-21 21:43:44,691,4,3652.54,3618.75,45.163613,183323.24,183323.24,64.36,"Pump.fun, letsbonk"
48dsnB4Yf1VwRDPUWXUdVok8gqWkRxdjpBSHB5jd1jtW,61710.653,RoboPepe,6oLrTKh24ps1ZFpDf8kYd4hhNdznxbLJ31jt5QwQpump,2025-11-07 10:50:48,684,4,4684.05,4634.34,10.870798,22740.13,22740.13,44.85,Pump.fun
2b2N2p7xCS9ibDqxwYgXpDSTniJwwye7n93WYuzmr74s,3679994.282,PHDKitty,BDmd5acf2CyydhnH6vjrCrCEY1ixHzRRK9HToPiKPdcS,2026-03-22 0:04:31,683,4,2573.56,2521.03,1.680856,419752.91,419752.91,71.34,"Pump.fun, letsbonk, pump_agent, pump_mayhem"
MNhBbrscBPmeid54buiqSgyWa4D8PY6uKHoK2wJsTJN,2048896.1,Poly,5eMfXSYdssCpnu63WtPprjbbR5YBJmSEnZGRvtuppump,2026-01-28 19:03:20,668,4,4130.86,4210.67,586.144699,4690653.62,4686363.5,13.91,"Pump.fun, bags, letsbonk"
G1TyYBvobLkWLYMVUJKYWFeb8NhkUEsDZhYKbXaWL3uc,161015.1,ROGER,F98nvrzKRfF6QVnzzBH9qeyjsNAf7hmTGWqtf7jBDrNq,2025-12-01 18:29:25,666,4,3800.62,3861.52,62.336871,156532.29,156532.29,93.48,Pump.fun
4o3yQZU67exoMxoDEAg14o8EdJqUAy2pQysft14AeZRQ,3215141.135,Lovely,6n7omMjspnq44Ky6b4BhWPuNbXqcLJfYPaekv6Xpump,2026-03-22 1:27:56,657,4,2573.64,2534.33,0.237971,110673.79,110673.79,24.65,"Pump.fun, bags, bonkers, letsbonk, pump_agent"
Bv21SsodFP1TddZq57ayzqR2aHVKzre7EzRsZxNKyyRY,30989.332,AGEM,9T5hvtDPDATn1tbHZq1WK1Svghe1i4XHKT6EKugtpump,2025-12-27 3:47:55,648,4,1475.11,0,0.27334,14073.07,14073.07,41.27,"Pump.fun, pump_mayhem"
HM7uWQup3QtgE95G9BnA8BYEDQumB5keiFHW5LwFngbS,195067,PEACE,6nymrn4MZx29s6xyChFZpt1Dyfm5V7uL6CiGpK9Upump,2026-03-22 7:13:17,644,4,2639.75,2636.42,60.223963,59225.11,59355.81,48.04,"Pump.fun, bonkers, letsbonk, pump_agent, pump_mayhem"
8HeDT75s5g4CtCimH5B5nySqCiQhtWii8UnZhxBtFo38,16833001,Lobstar,AVF9F4C4j8b1Kh4BmNHqybDaHgnZpJ7W7yLvL7hUpump,2026-03-21 16:27:45,637,4,56178.85,2511.99,2854.200162,1438735.22,1438731.08,88.26,"Pump.fun, bags, bonkers, letsbonk, pump_agent"
G82qWMUkV1edSy2vTFyLwafEtKkXVMnupxExCQFDR81A,177418.16,pumpers,2B9ECvKCBSsYWJeHmpT3TierzX5d4dVWh3gsfrWHpump,2025-10-09 15:19:54,631,4,5941.12,6190.88,26.697917,106731.49,106731.49,56.77,"Pump.fun, letsbonk"
CQ5cyz7uirxhYWuxaVLGaj33pkEKJEEj6zGnpq8jVr5d,1502837.953,meowl,3PNGsjuTjQmHPcyuuvPof7JA3E3PWeVnsfXqBod6LBjX,2025-12-31 3:38:39,627,3,3929.57,3826.2,4.430969,345079.96,345079.96,28.71,"Pump.fun, letsbonk"
HiSo5kykqDPs3EG14Fk9QY4B5RvkuEs8oJTiqPX3EDAn,1005385.138,CL1,8Upn5PyPivLhpVP7DKCP4uYXdcNxdd34jz3P9Zdbpump,2026-03-22 7:22:18,612,3,5017.76,2489.92,811.957776,305297.21,305297.1,93.5,"Pump.fun, bonkers, letsbonk, pump_agent"
AmNMqM5VbPwtG14gLBdtrqZpQrhSzavLkQPufS8CQ7LB,2506701.157,VDKH,9st8KZtyyjhkAwmR5vEosp6f2xjn2fMRJCdfaTyspump,2026-03-21 16:45:28,607,3,2583.89,2574.45,7.765678,211543.06,211543.06,47.63,"Pump.fun, bonkers, letsbonk, pump_agent"
CXoUJHtBGnuNR6zJ3zm8nTnNzCwXxFViXh29d1kTJQmK,139785840,DEVLESS,Hkqt9pm7zJMA9oCQttVM35wG7cZwgQieCZKcNaKcpump,2026-03-22 6:32:31,587,3,4825.83,2542.58,64.421249,158039.56,158039.56,73.37,"Pump.fun, letsbonk, pump_agent"
CFqsrQbvhb1Z3XKHVAZg6sovZzTg5NN9X9RnTf3D2BBZ,1288563.24,EBZT,EtZFFYibEKAQbR4UB1VoQFscpkTYxbMdB1bssbAybonk,2026-03-20 11:05:40,579,3,2757.71,2436.81,42.689137,354071.31,354071.31,45.24,"Pump.fun, bonkers, letsbonk, pump_agent"
88KUN55AgCQ8SPJ4ZKueRkWVXVUpUyHGh1W2bm4KLkXc,7122.1342,NUCLEAR,tmuUUyfjQmNPgwZZeeGdnFPHn2uw9xxxAaQd7o4pump,2025-11-09 18:31:42,576,3,4612.93,4622.58,0.093941,-332.17,-336.41,3.23,Pump.fun
HYjqqpePmKLmZfzMLyrchqSFgEbzFkreCBbPDpsMqHrc,501873.67,LAB,3NVRZqJ43axJ7Jy8qtADxjFzgk8s2o5zaoLfQWRaAh7A,2026-03-04 19:24:47,575,3,3575.71,3684.44,114.711167,24515.16,24515.16,41.58,Pump.fun
92XEuaWSjXWBsHHYWgEsHweozYqFNKMyYFyMh58qdeej,456523.56,BUBBA,9z5G5kaiHj9oJRtrW7WzNZhTwotX7TETuLgSvuCXpump,2026-01-24 14:13:21,568,3,3976.54,3927.14,102.449602,9478.08,9478.08,36.54,"Pump.fun, letsbonk"
CVWjqCtvxxL1jgjFm4NcRYajyUzYDJ75Dz7KAaUTvGAg,55353.922,CCM,4X9npRoQ26uQ8oijBcSiMiRHHDob4i7A6aaa7YVopump,2025-11-19 2:45:22,564,3,4598.5,4579.32,10.700142,58354.51,58337.45,57.04,"Pump.fun, letsbonk, pump_mayhem, ray_launchpad"
xyzRMTBDySivq4vVPGZKd3XusWWq54qJb5ZE7maKnxx,378455.9243,PEAKYCHU,vDLTKcdgdijcXNAcE5wtDuyYV8AE1mJkzEVNJag8NMi,2025-11-25 19:31:28,563,3,3558.22,3892.52,177.224222,108046.23,108040.22,46.62,"Pump.fun, letsbonk"
5UWi12zihBkE93hPRzAB8L2921raB1Qm6QRnfuQYMJz1,82470.548,MAMECCHI,AnZwQtXCZqwvUqSYQ2b5HV1u4S89tdM4FEFHXHACpump,2025-12-02 10:06:09,557,3,4125.66,3875.78,15.798671,102269.92,102269.92,74.39,Pump.fun
7spsHwmG5B7qffXBg7vmkfrJDc6Gn6kBJW55FAUqebKq,963463.28,GORMED,2coZYMUXuRLP7yoQr8hvUJNymMYuTr2dYiGerZR7pump,2025-10-25 16:22:45,553,3,5128.81,5291.98,201.060044,43707.93,43707.93,48.5,"Pump.fun, letsbonk"
7E9jfxCczubz4FXkkVKzUMHXGwzJxyppC4m7y3ew8ATg,7289972.245,Mia,FyPDfX92B4uEk4zZouy96d1Kk1LgnCznBpzAFSsZpump,2026-03-20 20:25:16,551,3,3600.03,2518.52,1696.163486,522089.56,522089.55,50.33,"Pump.fun, pump_agent"
DXBCUP6Bx9BMzP6XSUwEFV4a4SMD2KPCyxrjFfQHRCsJ,324064.06,Ruggerino,3vn4EkdoWbp7h1aYY5r2swGu5mcyg9HYAmXNHEtCpump,2025-11-26 1:15:53,551,3,3770.5,3742.75,86.069784,32379.87,32339.13,54.23,"Pump.fun, letsbonk"
4sAUSQFdvWRBxR8UoLBYbw8CcXuwXWxnN8pXa4mtm5nU,694522.3498,Solamander,AKdN4U5pYLTRc6QCEwNi6J13Ap25j6P6nW53LinGpump,2026-03-19 10:14:54,545,3,2337.71,2381.02,115.838811,203879.06,204589.77,38.31,"Pump.fun, pump_mayhem"
GKAwPtjTTzd6rWE4nHztsLzvmEv26YAB5MsiGjpAX5CR,1578478.4,1nu,44DNPJ2qisA7MMaUmKK5SXvAcPyV7bEzmnK7oYJkbonk,2026-01-03 20:17:28,543,3,5265.3,5292.21,2.368096,5498.72,5498.72,30.33,"Pump.fun, letsbonk"
DLQC7ts2HsWnvDwUxVerYLiwudDzK8mYsKNBGAptXi6E,1982216.192,8647,EDK5DsvHAK6qLC5uZNfRWqhySdGBaipHeYSRqazSpump,2026-03-11 16:20:39,543,3,2594.65,2475.89,3.68217,260806.76,260806.76,38.36,"Pump.fun, bonkers"
9hBFax1oEHoGAhnBLCX9QW8mMyc7syFUn1mddL1Qz7Xw,261147.9862,ai,21bMj5qpUMH54bHZRMaq8RAs896wj8BwhzKqfUGJe8U3,2026-02-11 15:11:59,542,3,3456.48,3825.81,686.195579,268598.19,268599.96,36.78,"Pump.fun, letsbonk"
FR6f72FJ1Wpvc2KbERaG33aNpcvZM27SGQjYypTgX3ty,347862.62,TRUTH AI,Da5ypDPFFKCC9t7VYRnjZ7B8WVivKPL8SqpT84KL9aoH,2026-02-16 1:55:32,541,3,2671.19,2473.44,16.88168,20122.5,20122.5,16.69,"Pump.fun, bags, bonkers"
2txiFMhoCMvGXNYXgCcdpRkJdZNq2UvonALSSHERZUTU,13612608.04,Muskman,2cwDQR6cKgDA7ihZqw1VUynN1vN8mDizpZvzMpyxFJJ4,2026-03-15 10:21:10,540,3,2485.11,2508.76,1.876234,164313.93,164313.8,15.4,Pump.fun
ED8hdG6eNRULqrKmE84KrXNgui4VcyJJRojbaq7Cs4pW,996017.293,ZETA,3mRSaEUsKC8MCrgMCBraYBEDnaHScStzB7jFRojnBAGS,2026-03-19 16:25:12,539,3,2517.01,2480.48,6.568207,94882.46,94787.45,39.05,"Pump.fun, bags, pump_agent"
Hp3hoMfvV6nW1Kr8f6p3zSx9cePArpn5c5UGAYBV9xkA,250774.64,Fartnite,5V2K3fMSH5x5KJ8E37BPW6ed1iyF3dr5jr575xr5pump,2025-12-06 22:20:52,536,3,4150.25,4072.4,74.498348,25686.42,25675.23,47.67,Pump.fun
B6sRuXH5sn9AcWKtKpksqvmHoucj4GWjeRJwHSuEE4rx,971746.0008,Jasmine,JbCmuosAhL6pfmLWDJNh2AoYnEwQMV78TJo447Pbonk,2026-01-18 11:20:00,535,3,5052.33,5308.57,4.552663,84135.72,84135.72,30.29,"Moonshot, Pump.fun, letsbonk, meteora_virtual_curve, ray_launchpad"
25h6XhumyEhvagm3PugZFSDEiThjPbVcBuy8srypcpC3,20451.965,STOREFUN,Asm6YMTuz2R4MQbb9jXprHigByxw4LFRtVJZw3C9Wos4,2025-12-23 19:03:16,535,3,5869.16,5829.37,1.329922,-7206.12,-7218.09,2.43,"Pump.fun, letsbonk"
GRcAsAnvZc6cX2Jx2yYFzWV62yqCoU74eV4Nfq36vqxQ,275449.3752,RedWhale,2CmemgrYpaJCQ1kapMv6PpfePzNZVFmNo53skziVpump,2026-03-22 4:42:10,524,3,2526.86,2514.63,46.548875,21813.16,21813.16,29.9,"Pump.fun, letsbonk"
pumpqhCzTnn3R6rBBaBQcCmCNxi5UZvDuorCEhTcKUm,147303.48,EELONMUSK,GSGPDqQCvoiJZXx7RtjQvuT3ovKo6GLhhhmfFKeW6TtH,2025-11-16 17:43:58,518,3,4672.94,4572.44,21.479933,-48380.69,-48380.75,14.02,"Pump.fun, pump_mayhem"
4xY9T1Q7foJzJsJ6YZDSsfp9zkzeZsXnxd45SixduMmr,3341249.9,ANDREJ,7Dmvq8fEFGVD6Fnu7Bjyni3AwnbnLCvuECxU5A4Zbonk,2026-03-21 19:59:33,514,3,2793.35,2534.05,29.257738,903124.43,903077.08,24.82,"Pump.fun, letsbonk"
D9gQ6RhKEpnobPBUdWY5bPQt2p3zGk3iVz6ChpUi2ArA,5389443.908,Imagine,8xqW9QMmehngWwm1t26FyYuELrjywKwt41EyTTrobonk,2026-03-22 5:37:10,514,3,2594.88,2519.28,9.793018,1821320.78,1821320.78,95.42,"Pump.fun, bags, letsbonk, pump_agent"
83mqnj4xA7FtFGunzQLnUEjL2KKruiv1RwSfcegTLYBX,4090384.891,aircoin,GpdRNotihwXZJ3z3y6yCRAhecFrALc4J8SX92pxnbonk,2026-02-16 2:09:46,514,3,20035.95,4069.63,4.425154,120833.89,120815.39,46.54,"Pump.fun, bags, bonkers, letsbonk"
pEm51mXQqRTDYNnp9EfNPg5mL1rJaJfXKNXkbK56kYC,1341434.684,Singularity,4btUt5tQrN9MSfiHzZMdHf2ognjQZrWErjSJ9aiApump,2026-03-22 2:02:59,505,3,4907.77,2428.85,581.072528,170050.45,93169.56,59.44,Pump.fun
9SDnxVkcmvKUNiQFcB8aokBrCkKkkLSNptFNyVhyZGKW,487815.67,Scott,5yVT7keCgESd6S523y6EwiVfJ3JoRj8f28JkZt2ipump,2025-12-05 13:19:53,503,3,3948.91,3933.65,127.156374,294137.28,294137.28,47.57,"Pump.fun, letsbonk"
7moqFjvm2MwAiMtCZoqYoTAPzRBxxMRT2ddyHThQuWjr,1257923497440,Bank,7DYYPdEDSTxvxTT6mNYvxttq6taxyodUbbGrbfvHpump,2026-03-22 0:34:44,501,3,2574.78,2506.74,36.927349,399131.24,399131.24,69.74,"Pump.fun, letsbonk, pump_agent, pump_mayhem_agent"
B1ZBBFo7cXPvkUX99FymEbQaQt8ijR1ubhr9hQ5vMJCh,179414.3037,WORTH,aMmF5CznaCg4sy3PFwm8daUj5kM7KqNbZ7kF8kdbonk,2026-01-02 18:09:53,499,3,5025.1,5502.63,14.856083,-3368.5,-3368.5,29.75,"Pump.fun, letsbonk"
BZC7VEj5Y9Ege3cTRGBZW2zW7pjw3hpiSkcAoYKysvue,1609897.932,Unipcs,2orNgazHWM1f2g2KKKsLqGZEnH4vtJ2iMhAYCW6M5SnV,2026-03-16 14:11:29,495,3,2564.6,2425.74,5.321349,369889.64,369889.59,70,"Pump.fun, bonkers, letsbonk"
6ADDmYqpKtYoHXa6VL6bRLgYUPGGYipZnix2kc1AYs22,212915.92,AHP,6kGpRaaXnXnBnrFKJsrX3cF3CpmPoHffVGUxxiG3pump,2026-03-21 12:52:41,495,3,2576.29,2526.02,53.041309,32607.14,32607.14,29.49,"Pump.fun, letsbonk, pump_agent"
Dr7V12M5AcXAC2EEdzMHmwYwgUQbhUcT791szi5pzggw,7563696.561,Valentine,Gs7yqXZpiPNMpQndq43dCJqRuBAaoarcY1uUbg36bonk,2026-03-22 1:48:05,485,3,3039.97,2522.73,0.045886,2313638.74,2311679.95,3.53,"Pump.fun, letsbonk, pump_agent"
DwtyNHYvNgvTS9iREUuu1iogBtZz8q36FcwqW8d8nwEa,4900343.6,KITKAT,EnbYiKqWdzKfuN12QZ33tYm9ysy4Bjhpf7XU2RY3pump,2025-12-02 20:15:26,480,3,5359.42,5598.04,1042.956784,134526.44,134526.44,90.2,"Pump.fun, jup_studio, letsbonk, pump_mayhem"
Ha5SyTAEQGsR3gW1AXhN58bQVDVEBBS3DRg6pZsnCjw7,1636695.9,WILCO,Cz5oaw1XxGsPVPsEMu3SZEJ9A6vpcrVqaBAwP3ePpump,2025-11-19 15:20:01,478,3,4137.6,4111.88,382.947259,91327.86,91327.86,75.44,"Pump.fun, letsbonk, pump_mayhem"
3mjHNqaPGVYncmd95w9TC3XGQe3EwGykGZiDQyhDxwhU,5553190.784,TAKI,4AXnbEf3N3iLNChHL2TWHcyMnBKEvJLJ82okFFUFbonk,2026-02-04 23:57:13,475,3,2924.14,2907.83,3.868612,203791.64,203656.24,41.46,"Pump.fun, bags, letsbonk"
HXuuXP9ZNn7WGaKKqiAcX5473TeyXb91afB7mKkRvCF8,163950.79,hodl,CK3x7seeJhaZv3aMVYjy891uNAQmH9GFi9pqACg5bonk,2026-03-22 1:03:00,474,3,2535.1,2482.14,0.894909,45594.32,45594.14,42.89,"Pump.fun, letsbonk, pump_agent"
9riaVqQQjJ6Y7z3i2pDTNtzkmRgkkX5Da2aa26e7HZx2,384416.78,OCR,4JZrxzQqubXq8fu3JenGZ48av9o9KxaXgrXHfwmYpump,2026-03-21 8:56:26,472,3,2505.32,2452.31,98.434609,74828.19,74823.41,47.22,"Pump.fun, bags, bonkers, pump_agent, pump_mayhem"
8L7Xg4wbUizwYz5My8puqe3KP8bvkgxi23VbKY6p6vb2,355024.35,Revinu,BUtboMH9Pxhacc1CN69pCd4PyWSTQfFyyH1yqgecpump,2025-10-27 12:43:41,470,3,5123.8,5293.87,90.250646,90109.56,90109.56,99.36,Pump.fun
5SW7p56x22LKj8gYcE8DVVd1S59UJUGR9jKq2PFdKiKg,843199.0803,catalyst,E3HZVvNcoRb3ZDUFVJ4hcSu43dT1pLompNDQ3AFobonk,2026-03-22 3:27:58,469,3,2488.75,2509.96,26.237991,365365.63,365303.61,92.02,"Pump.fun, letsbonk, pump_agent"
3pZjumnsMzgyb6sfewV432jvyuCcrNAhiz1JpTSMfFiz,14457.024,SEXCOIN,6JM4gJWKSiKmFJW1DPVZJiw1fWjNiczhT26iVkR8pump,2025-11-02 1:39:21,461,3,5310.31,5254.44,0.315049,-5423.88,-5473.53,4.99,Pump.fun
gangJEP5geDHjPVRhDS5dTF5e6GtRvtNogMEEVs91RV,1600357.3,Jupiterian,7PR9TnBkTB2iLs3yXqThL3hc2q5phcgJoXan1r4Ajups,2026-03-21 4:51:29,458,3,2650.61,2476.04,1.770978,163687.04,163679.77,56.54,"Pump.fun, jup_studio"
36DWP52MVRDooYNrcRVDyoCh2R1fPXCYqKJQYg9pFQoE,7033001.737,Abdul,4P5UAxmtCqqpkhUJm1YLXzcERnkfC7xgQSRChon7pump,2026-02-18 5:39:00,457,3,2982.91,2817.83,5.062367,2835251.27,2835249.74,24.11,"Pump.fun, letsbonk"
2NLRxmyM2Te5ZaeLELh1k2B2pFETTT2kNtAGQSbbFajP,629212.7551,TMWC,4LcnQCrw9Ddg97YVfBE3Mo2FbdxczkeGhK4M7bcPbonk,2026-03-20 10:24:05,455,3,2748.75,2771.27,3.614945,49872.67,49870.59,43.14,"Pump.fun, bags, letsbonk, pump_agent"
Hr5QiiFSmc8g1KgT6RKUNjvXyeZmrXrU9QBPAQonXE9Z,264603.1651,FR𝙊G,3yncLsiHqWF64tRFCdn3m5KiNT4AYdDyPtbXdWTRpump,2025-10-26 20:55:41,454,3,5197.23,5295.33,10.510204,66584.23,66584.23,79.18,Pump.fun
CL8cS3KUGboEstdLUJi1XXq6KzKbdaFAL7TQjEEgL7hr,4204414.666,HeavyPulp,8G5ayEsJF4Q7FEWEGeF4jtnUWZBEKCqhySTFQf9Ppump,2026-03-13 12:40:27,452,3,9592.56,2501.43,1473.942066,670381.68,670407.88,65.51,"Pump.fun, bags, letsbonk"
GBnTHskvGKrppdmbW4eThn9T2pafDoE9jNsSYWfwSbWi,230847.21,Soldiers,Dpj7deqsJQD3JDGeP1U1ECaCusLDaLdPXCGXv5qNpump,2025-12-26 9:13:33,452,3,3938.51,3983.19,42.210343,-905.4,-905.4,33.92,"Pump.fun, pump_mayhem"
3z5FDHPFQTDo2GYpDZT7XCbSVY9q1ehr7T6Gzuu4UMyx,264918.54,KIMCHI,CbUAFkS4G7G4znUWcZADxqo68ada4sS7G54n7a6s6Dw1,2026-03-20 21:49:39,448,2,2518.77,2523.51,44.574834,287024.83,287024.83,64.85,"Pump.fun, bonkers, letsbonk, pump_agent"
7Lxj5xbZkHVdGjurVRzM7s6iwZNAmZXUBkumZ8RUw1XV,135061.95,Solnymous,5NKQTgWTZaSvV1GFs4g2Yr1kCVG8utoZLunmn936pump,2025-11-03 12:03:22,444,2,5277.91,5364.21,35.283438,61422.12,61422.12,57.26,Pump.fun
FgQYPMBJeMgroqkGYuZ6J2MwzdaGgoJUkm7bvqYQoguT,68018.41,SAFESPACE,AHV9QjWK2U8ohkuLaNL8izB2PvskvPwzdPS5nTyXpump,2025-11-03 17:55:07,443,2,4775.65,4738.97,11.390363,66051.36,66051.36,70.42,"Pump.fun, letsbonk"
DqmQVdg3TvJRP7KFA62E4PpiR75HVV15DwpLHdtphnKZ,279378.96,PANICAN,B7CSntiSQGU11vA2XApXi6D1YmHQFhMdqddydWAXbonk,2025-11-09 18:28:42,442,2,4711.49,4710.48,2.985147,12721.57,12721.57,15.95,"Pump.fun, letsbonk"
EK7qQk5GdYrqRXZAu8446FYKFTMZriQA2z2j9yTSpADb,79572.284,Androidify,HJwfCXjG9dyooRunzBhxcNa1x6xPnybWvsnVADQMpump,2025-10-27 13:55:27,442,2,5408.91,5570.35,17.693157,53095.28,53095.28,78.57,"Pump.fun, letsbonk"
HAaeVqkChkaAh68q3LUGeuA5uFF2xvmoQbnvMxFAtU4H,2808961.5,fraudcoin,5DZ3RW9uyTBJACXTNXdgfSZdojVRkWbUzFYW6fkEpump,2025-12-06 18:19:05,437,2,5317.68,5503.45,570.348416,38208.93,38208.93,43.23,"Pump.fun, letsbonk"
FgiWbvhYyPreY3sg33UGBNRmBhbtQ4kHdDKgTrK58QMS,59623.511,VIOLENCE,78Saz2oAQmXd5kznLxYzbdSNbRPjZKRPhtSzybDipump,2025-10-28 14:27:35,435,2,5369.09,5515.05,9.348932,18524.59,18524.59,49.56,Pump.fun
83QQFLxcEzuJZaejBnzAiW5tyfyaRHMLZnkhJbRPRWtf,14722418145,SCARED,5MAsceokc6qLTaoYYXa5ymcQu7oLvMqSEjo5NMEboop,2026-02-07 16:39:44,429,2,3319.94,3251.1,4.728367,3319606.77,3319589.69,23.73,"Moonshot, Pump.fun, bags, boop, letsbonk"
xXpRSpAe1ajq4tJP78tS3X1AqNwJVQ4Vvb1Swg4hHQh,3670067,Samara,5gJTrQ4kxTzJkt6aeLupUvkQv6dcXuGJJo6yTaeFpump,2026-03-20 8:33:54,427,2,2742.32,2465.35,841.891149,648303.02,648303.02,27.39,Pump.fun
bjkcxMGh1B7EQcUivFwWR71PDBJs16y42tnhZ6xQNNo,41110.174,Team SOL,AnCzsLt1Qi81C3xakgoanrL6iFaGXxt8HAnJLVvQpump,2025-10-28 10:06:50,425,2,5888.49,5587.62,4.627378,3897.75,3897.75,25,"Pump.fun, jup_studio, letsbonk"
5FjRzA31Qsc2U8tP7CLVXYBRHTfBao5PwB8UtoV6Sod9,327314.6193,REMODEL,7JtoqiCgCgCJ2FJD7JN94m1NJd81HVi23i8H8wo5V8rE,2025-10-22 19:23:54,423,2,5385.89,5434.02,5.992324,7909.12,7908.59,35.14,Pump.fun
6cHVzki6rdhAryd6xiuDumNmq1br6VS1PjMifwWZUrPk,213596.89,柴犬,27CYwv4n6iPZbARjk2Fpf2dSM481eAmndKPtRUqtbonk,2026-03-03 15:18:37,421,2,2356.15,2377.76,5.809331,92917.52,92917.52,39,"Pump.fun, letsbonk"
DDELA2VKzKh5a3X5AJYu5FmjtL6xxmgzXxEGdArNE2Xt,1910425.997,NOTNATO,EM3i8SUWNnw3TCwYq4jXj26GYT4CqpWtuxqZPKwipump,2025-11-14 18:58:15,420,2,4885.76,5194.68,158.736615,1418859.69,1418821.4,68.06,"Pump.fun, letsbonk"
8MaVa9kdt3NW4Q5HyNAm1X5LbR8PQRVDc1W8NMVK88D5,265801.56,Sadcat,HbLvudQ8dSuMkSLY4tkywLdVMMrUi9Bi9fbQFbUypump,2026-03-17 23:08:26,420,2,2401.23,2388.21,82.708404,911153.75,911034.75,55.66,"Pump.fun, letsbonk"
7oTxEqUc3pW8Y38xNNa5kgxUiU5Tx1jq5diEW4D8KxCg,436043.15,PlaiPin,B3Ggi9PuWhmM2Xxevuax4xjrfh3bpezH459Mxbcppump,2025-11-26 21:04:17,417,2,4255.82,4266.17,50.72599,61121.06,61121.06,41,"Pump.fun, letsbonk"
45LKwQBy58EucrGdMDFY3ChDCiqowgFSRsmv5axudvtW,498404.7317,PUMP,GNCqptvbytWGzowikJxM5fTTCTL1ENeEPoGKmwQ6HJAF,2025-12-13 11:15:08,414,2,3930.55,4005.31,5.459103,10323.62,10321.99,30.14,"Pump.fun, pump_mayhem"
AYfwbqd7wsJgFtTa1AsdD5NEfiFM8sQ8ng4kouTojULR,56224.4199,Kickcoin,S4xPBBTvFqqC9vaQXq8tbrphrhhTcYmFsJEoutQpump,2025-10-22 14:16:57,412,2,5822.8,5801.8,0.769139,-6570.12,-6570.12,11.27,Pump.fun
BkRnUmFNGZsSVhucz8EXf2JhVRfTS2F1SFb8xtsGfUWh,1097475.171,TAB,47sfyWY62hjMhzrQ8VshpY8yv3Hsf6pq3Qqf4Bhdpump,2026-01-11 8:27:48,410,2,4248.11,4382.61,11.907374,46329.95,46329.95,35.36,"Pump.fun, letsbonk"
3E43HEFeYChueMZxk68qsW8qgB4PAndm7mfBKUB5tjHv,8727.5375,RAM,FEaGRC8X4kh5LjDBcYebjPECTGDYArqXxxsr6CmrA1Sj,2026-01-28 16:54:46,409,2,2848.75,3537.15,0.796276,-2796.75,-2796.75,18.73,Pump.fun
GWMWGhzzEcyXw4yn13ZWSCEmFMDHBbB32jdW4Z1UB9oM,104989.2096,googly,C4VFyVyo9ZT5UuDQVJQ4MX7SWgiCYGXgvNrEJHzrpump,2025-12-13 19:41:04,409,2,3842.04,3867.88,7.522733,8277.48,8275.96,42.29,"Pump.fun, letsbonk"
F1FcXPYzgyunGJuEb1AvD4LAZZmGTcARQkyhrzgLJSky,1693856.593,HEAVEN,67kKxUJTEC1Mmfxo24pbQ9advV4tofo14TmVGLksH777,2026-01-19 20:37:14,407,2,5702.57,5510.31,3.893856,150119.03,150097.36,27.77,"Pump.fun, heaven, letsbonk"
98VfNKTNK6us94Une5VngmNFvhcuYk1GMrMqjbjDmf6u,981252.0502,microcap,Ebd7KhyvViXd13ktu9tPnusdvJHojUayeBNT3ZFybonk,2026-03-21 19:05:20,406,2,3919.25,4078.01,0.472766,23856.59,23856.59,50.15,"Pump.fun, bags, bonkers, letsbonk"
HFWaPRTyQm1eSXNU79ijNKKXwsvtXeAaQ15optga7ohN,2102335.255,FISHCAT,44dBMk261S5EnUFh2qee5DML27X2Ghn8gDK4Qxz5pump,2026-03-11 19:48:12,405,2,3730.37,3798,4.353389,115555.33,115555.33,28.59,"Pump.fun, letsbonk, meteora_virtual_curve"
2VBfdrJVJEwbWaJWVpVCAtRxJtprdCmDjCaMeHbBrYuH,812869.5086,PUMP,41vwPynvqxpzJec1NTMnpg8HyqNfQsRDLATuK7ZCvNbk,2026-02-10 17:29:38,405,2,3672.23,3538.34,7.027836,74026.52,74026.44,31.59,"Pump.fun, bags, letsbonk, meteora_virtual_curve, ray_launchpad"
sHE59qLb4p9HjswXvjmQhRdrWP8VYLYcAEaBKhY8Sr4,13324.036,xop,Exu7kTyi28tja7sDNRVhs7dTpeQQmNegPMMCWSqTFxgX,2026-03-21 15:47:31,405,2,2329.9,2502.69,0.809686,-310.19,-310.61,7.23,Pump.fun
AvcWA3ngM55sSpjh1FZthmqA7V6BHo4f555a8w3Wv3ij,2404876.227,HONEYPOT,3njToM38suCaducaci3nrHhDrNmLrLH1ugs8r8j5pump,2026-03-20 5:52:51,402,2,2520.67,2477.89,0.5494,155989.19,155989.19,46.24,"Pump.fun, bags, letsbonk"
5949hDDDHaxoXemTJmVHArL6avYXUxKY8Ad7Tz43GnCg,138410.19,FR,CYq4vusZiu5HdUcA3jVnsvBWJ3D5o1i8vUwM9ucmbonk,2025-09-28 7:10:48,402,2,5179.24,5658.82,8.86182,146676.31,146676.31,77.09,"Pump.fun, jup_studio, letsbonk"
Xh2Y84WN8t3ZEKbwkDRT1ap5thJUAf3Ndv44wbbEXxX,178860222003,1,Ud4aBiwe4e7Hkda8TqaXn8xKC2pLXZd59vRYqG3bonk,2026-03-21 22:56:39,398,2,1722587117,2648.92,3.452519,203799.11,203797.86,34.86,"Pump.fun, bags, letsbonk"
DawLd7XWrJ3rHKSQ6y5XAssNggRBVgyhNnL1jt1tkq91,42806.544,Novembear,CaMfnqYodoFbsdkygFkNRfd5hmn1Pt4P84Rr9gEkpump,2025-11-06 17:59:00,397,2,4412.09,4428.14,8.681415,9309.05,9309.05,47.12,"Pump.fun, letsbonk"
RV4m39vST4dprPL7HJQZWbbh99jRzX7htfS56bppktc,167965.9,💊,4dAuKc8XxuxJdfTQudU1iW9B1KDXnRymMLQTjWdDpump,2025-10-13 5:49:31,394,2,5109.96,5201.25,54.689221,52493.85,52493.85,84,Pump.fun
DEVVePbNDtcMNnQ4oN9U3tT5a6qiefArnZu1dEtrvPxD,72083.794,farm,BGpyHVivUQuPUE8P6bbp4syUxcrv5zV2Rr7wQgbG6v6m,2026-02-18 13:41:01,394,2,2543.73,2414.29,12.103862,36432.22,36305.08,31.49,"Pump.fun, bags, bonkers, letsbonk, pump_mayhem"
D6bTtoSgLknJ9KrgDFUtB5WpqomrNEjBJipVVRoFh2DC,552881.6246,FloodKid,3NuDSHrNF84WWmz77Xjq2tRhjQfWBSNiu6q4H3Wppump,2026-03-22 1:39:13,393,2,2861.88,2538.07,11.753626,229352.93,229352.93,79.11,"Pump.fun, bags, bonkers, letsbonk, pump_agent"
CovFJgtvrMuoKoW2U6W4RqXpwjaie9iZvMNK4hpMc5CJ,1746367.796,urgay,BPiz36uNt76RjmfH2ZLFD7xAnB4QJ1roh1q86NHupump,2025-12-30 18:43:09,391,2,4474.63,4471.45,4.745355,16136,16136,70.72,Pump.fun
DVhwSE98dHBtEGnQcYyAiEzE2XFjGnGwwuv9n1Ypnre9,5245059.337,CONCLAVE,C8rtqbshDpUFnJ3K5R15TP7UGuR8nQbbvsinpK5cpump,2026-03-21 23:47:12,389,2,2747.5,2649.55,0.200935,12062.77,11722.67,19.43,"Pump.fun, letsbonk, pump_agent"
BkggYztv2wWiVPMcjjaqUiPNrUUsKF1D2ndNy4zBWw58,4034.4889,READ,325B8a54wnXNg7oMLHUR6ZqWwrNqf16sF77N5zT8PFyZ,2026-03-22 0:29:34,379,2,2439.52,2441.63,0.00015,19905.11,19905.11,23.72,Pump.fun
5SHDP8NgLMegGCKSAQF775DR6JaQa2XxjkXq9xhGEd6,1965211.808,SLEEPLESS,4SngaZ3N9ELjCqh6P3MeA3r4Hi2Dx1MDn2H4ijcDbonk,2026-02-16 11:12:29,379,2,2384.48,2361.49,3.903981,25380.97,25380.89,32.9,"Pump.fun, letsbonk"
CBStSgJhEm3MUNdawNydxPUMTs7PRdpS7YU2ykRdrteY,173718.39,GRACE,DdGNpQqUiVMu6EnE8HeEfDDSiLQZQratbtxtGAFfpump,2026-02-18 19:50:20,377,2,266.18,0,36.280329,8298.36,8298.36,5.22,Pump.fun
HfuZ4EvaPvCGqTNxTZaS2bhSZbRF4gzKGH7PhDbDuaKw,677519.5503,NYC,6rZfGFiHydm1RQfE1i7hhSdsZAE57bAK7ydQvA49BAGS,2026-03-19 18:43:37,377,2,2516.84,2454.51,131.245519,87329.67,87329.67,53.71,"Pump.fun, bags, bonkers"
9Gg6Mf8tq9zLSpK8qccrQiue3iE7wmyeogKkGZpnz2w5,1500037.9,TITANIA,CmD22MDtNzyeFfwAGZzqVmvqyCFikUi7F2uY9iB9jups,2026-03-21 22:05:56,376,2,2762.96,2641.78,0.748413,124657.58,124661.45,23.35,"Pump.fun, jup_studio"
C4HHSBCibHryJ6Dbtr4z3Jxh6vocx5UJ2kNprhVksBDj,1315667.7,NANO,Ayif4n783bT6b6TvXoVEaQs8ozf4chYJgjnTaGeDpump,2026-02-09 17:42:57,373,2,3642.36,3612.43,297.357097,321715.43,321715.18,59.02,"Pump.fun, letsbonk"
J69oeraNhBBD5Assk6RPAbdCCVvaVmtDYQjAtd3qvvFs,37132.503,SCHAN,Dwp4t1Cuuf5tH5VChvpzNu532fPrxyKf2fKeDUfRpump,2025-12-22 17:29:45,367,2,3765.37,3774.16,16.889958,-1257.62,-1258.96,34.76,Pump.fun
BdKwQbbw2rgdMPZSGR2xHsGBpbzx5FG44tUSt6BG8ykM,2591451.448,Clutch,BUF3TvvZfCMMWaPZJMTGm5WWVmi2arQ9Swze4CPEbonk,2025-10-04 0:18:03,366,2,9045.08,6523.81,4.861943,23495.63,23495.63,20.49,"Pump.fun, letsbonk"
4u3Baa6znzQ6pjQRLii8KV9tRhtNuXCqwVcY3b6nNpaZ,3729668.306,CODEPUTER,BqyjVnfh4WaTXC23wyNnB8EMhJXUZDqJKvZnNagY9Exp,2026-03-18 16:14:38,366,2,2650.45,2418.25,0.303892,1070394.48,1069903.77,32.06,"Pump.fun, letsbonk"
AWmA47YFcTSeTKfjn6nwhWm9GVncWuALP3mxCj2mQJYZ,176648.75,GoonGPT,A1KRwSg4vKs1Ki1R7DZExaijQrSsgU7QYztYY4aQpump,2026-01-30 8:45:02,365,2,3872.51,3867.04,52.74603,17225.25,17225.25,42.8,"Pump.fun, letsbonk"
m6X8Xe3NshDZ59B5ufr7kcF8LByV4f6VieaPNriafqX,10872.619,PUMP,AXs8fe6xAv9gQv3pEXQJ4SzL688P8BTqEDKoggMmndpj,2025-11-28 14:16:42,364,2,3901.71,3892.38,0.266307,-1912.68,-1927.18,0,Pump.fun
4iPs8kh9MVBVMoCHcTHt3mkPTACtcwoCcAVNEYSJJSdN,38836.84,Antonio,76CDtgWfvEP8Z5WSpcsJ6ehvKj95bBMWR8KXkAuDpump,2026-01-26 15:39:59,362,2,3949.1,3561.62,4.795113,-742.17,-742.17,36.54,"Pump.fun, letsbonk"
AS25HYWuQ5c8wgD8VTpjt5oi5vYErm1R46XGr3a2i535,451482.18,Bitcoinius,F7UBfwNqorDgsvUZ6YPCsogSNaZoH7qvsXvdpPdupump,2026-03-20 16:25:26,359,2,2495.81,2406.21,16.247673,82843.23,82843.23,38.34,"Pump.fun, bonkers, letsbonk"
GyiMhHvLHVqJAN4zxP9AbN2ApstucwcDAmyz7H5unJpo,127219.73,PlaiPin,3QoNRqqBWng77JUTWbrHFjcb7YGhYmE6rGPvZEg1pump,2025-11-06 20:31:04,356,2,4505.85,4525.93,15.61254,95016.26,95016.26,90.46,Pump.fun
69aiAKU3uJMxMLRkUEGFNt6nQ43PiVimE4ZbErJ7VSM1,20478746.65,retire,zGh48JtNHVBb5evgoZLXwgPD2Qu4MhkWdJLGDAupump,2026-03-21 20:17:07,355,2,39998.74,2534.77,178.138437,218428.84,218423.69,51.76,"Pump.fun, letsbonk, pump_agent"
8mHZLYaSmZ8LkS1ruvj5g4NMX7oDCZGY5V1NP5C51Fc7,828950.0861,CUM,TCrakC8FvAs1m3T4pxeLLZN13PkLsGEbHfjaUE53MwC,2025-12-11 19:00:51,353,2,3808.72,3842.67,8.009641,38978.8,38978.61,64.5,Pump.fun
HRFSMBd2GYJtcHfUP6jkxeztsMJwBoZxqENuYvUB4uUe,732856.8539,CHEFCRAB,4ytEzGeiwqXgx7WENQrid29Q85kYJAT9RgivF6n1pump,2025-10-27 20:40:43,350,2,5212.39,5417.41,79.197572,1580.31,1580.31,16.56,"Pump.fun, letsbonk"
8Tvc58uAkUbpQ9w1a4dnayYjfrGAHqixNgPa9kBNUoNb,298746.99,FCBRWH,E2iyJnLo4mBM7JhDNCxn2DD51Y1Z4FLgpK2m9g8Epump,2026-03-17 11:37:49,350,2,3802.29,3847.48,74.131686,-13695.69,-13695.69,35.44,"Pump.fun, bags, boop, letsbonk, pump_mayhem"
J4z7cUniJUtm9qT8YqqFibVVQFyc3QLLHSNeiQL9bQjk,971153.21,CELESTE,7ynBFEr8Q5KoY7CoSnWuE1Uz4513WLaMTeWdUNv1pump,2025-11-22 12:03:44,344,2,5461.56,5381.44,194.742695,3773.44,3773.44,24.57,"Pump.fun, letsbonk"
BuMf7PbCVzpViTNTpfJuwDDba4G1UXJRvFHgTGycUttp,1295835.723,DF,7j2sxgmh1PeWDGS3uh5zeV9jZeHohBFdWnxtX84zpump,2026-03-19 4:45:41,343,2,2396.96,2547.17,2.301653,88913.14,88872.09,33.93,"Pump.fun, pump_agent, pump_mayhem"
BdAaPPyE4498Axe93wFLQsdorBGLH7yGgSCwRz9mDBJ7,20135.19194,wojakmas,AP1VYb9pQtMGc5Eph3rKvLEuvU5dP1vixELyvq44pump,2025-11-20 9:58:50,342,2,4501.97,4559.49,2.769278,-297.31,-297.31,26.36,Pump.fun
8HvEMZaWqbjzCwAStvdKKRRgVowrdtPQrx8UK6sSPhz6,8179.7747,sexcoin,6J15pNqMyYw77RYGeJDTAA1FbiLPRKJE2s54TLZopump,2025-11-01 20:58:33,341,2,5265.09,5217.33,0.128109,-230.11,-230.11,0.29,Pump.fun
heroicyUXsnwmowT81cJo6gzC8KXBqPLG5xj3Qjybzm,54142.255,louvre,CmErvQ4cDVWETbdHSchWtJY1nP66SAgNKvCcN4XkgnkA,2025-10-28 0:11:15,339,2,5790.85,5796.1,7.698631,26768.99,26768.99,51.61,"Pump.fun, letsbonk"
348UPyh3ziMb5FBndgab7TbSzHFGzxXRtJ9GpGFL6hfN,298079.96,bltcoin,9anZuCXH6Guesi834E4Bn8ZuYE7nuz7VkTnhbpA6bonk,2026-02-12 0:24:17,337,2,2393.78,2376.59,10.056083,60201.29,60201.29,51.71,"Pump.fun, letsbonk"
5htGpHK2oV9g2BcDqLdRBqjCLdy8mc3fsESfR5DU73eM,520888.5123,Snorlax,FdFGgnPm2HN4EAwCvZrb5GGPa8wHsBc5aBVS1Fgcpump,2026-03-21 6:47:04,336,2,2562.28,2567.12,3.116391,183281.73,183281.73,65.64,"Pump.fun, letsbonk, pump_agent"
Ke5KHWVWvr1pi7iNPDxyUCtR1HPE6whfNo3YMqqogUD,57061.065,MoonMouse,jxC3vZQWPJ4r6qFfFxicxjdKdabSU5py72pAwe8pump,2025-11-05 12:51:07,336,2,4905.05,4931.05,6.231722,5323.31,5323.31,18.07,"Pump.fun, letsbonk"
H6ctQWxrXg6ggNutnnLSJPJwQZgKcHXHnGSBw5JaYEBh,1442012.328,motorkitty,C7DGCPkyZFDGtbFBhyRurwB37uFc8o1hrBNxjz5Apump,2026-03-21 9:26:56,336,2,2512.67,2494.04,1.06176,16733.46,16733.46,47.79,"Pump.fun, pump_agent"
ALD7aJGfymztcyEUnfJFJ3b8bmeM4AXFKTVSLXnP2D41,15864.95,Gayify,AMACLBpZMvJy6yPcZMNfRqaBq3xWmbFede1bU1d8pump,2025-11-06 14:15:11,335,2,4840.03,4563.03,1.388089,4942.22,4942.22,26.44,"Pump.fun, letsbonk"
Cy5F3pWsxuDuach7DaKM3hT11uaJn1QoVDMwGc6kUoMV,47086.886,WFX,33cBEsW4cWoCrbod3voJN4o4r84GGiyjBkrAs6hsbonk,2025-09-30 9:36:32,334,2,5608.53,5934.74,5.230184,23205.82,23193.31,38.13,"Pump.fun, letsbonk"
GH9yk8vgFvHnAD8JZqXxr3hBN1Lr1mJ9NPzrP5mVqiJe,7212464.295,Eagy,5zGmWmBbs6w9krsE3DFb3C4yQrqh2fGxBe6EykWBbonk,2026-03-21 3:15:59,334,2,2532.38,2419.73,101.741109,725601.38,725603.27,91.02,"Pump.fun, bonkers, letsbonk, pump_agent"
4qqJuMvVtBbtvwFB7E7RXHCd2CEYcGcQvcjdUL66bgf5,133809.5274,MrFinance,F4ij79QymLh6g7SmcaDY8KMiDNCQ4q5U8vETWabwpump,2026-03-04 16:23:43,333,2,2439.24,2394.21,29.902197,107495.25,107490.52,46,Pump.fun
4jnyJjRNgGjSQ6xxYpxyEfDTMmYNan8WD1p5mpQZiLcF,98024.977,Qvac,8h6x1nSkURMSK7ZzXrf2JaYVtwwrknCtchBNsnjLpump,2025-11-10 15:24:30,333,2,4802.48,4741.82,19.338307,22687.11,22687.11,40.15,"Pump.fun, letsbonk"
Dq3fi8ZmBhkrwHFBChLk2pqV8iAGW9uuJP7coshGzqT6,525590.4781,ABRAM,BVfm3bdmJUa8eDipw8jrSfhGbz2wjZfHJuVfw5Kypump,2026-03-22 7:38:50,331,2,2522.14,2528.62,1.413791,295238.3,295037.17,16.31,"Pump.fun, pump_agent"
Dr8Ej9Vd4od5euVvmAnMwscFmtFZVt7PgjrReFUSJGhf,1783178.549,sendit,8ztixkSGb1sdq4cBAA44NRAdkUZBuRz9snquq72Gpump,2026-03-15 23:31:26,331,2,2410.6,2402.59,3.567365,112007.88,112006.33,51.23,"Pump.fun, pump_agent"
5vPNsVwTJCCpDUZZUAeDoPvtqDh9wRgYe5fiNozniUX2,155066.93,TNE,2Hbr67TMw5iskYihpABY8hFkdDdcdCQAMkw7ZGy5bonk,2025-11-19 1:36:34,329,2,3914.22,3944.73,17.882655,95785.33,95785.33,85.59,"Pump.fun, letsbonk"
CtWSzjURUGNRENnZwfRx4X5d4pG5sVy1QbsUhwWLS53r,752401.21,rise,Egsnb9CEQcrSo2RB5pBHKaBDoPNVtNPq5ANgajFwpump,2026-03-10 16:21:16,326,2,3539.98,3610.87,205.834993,45034.21,45034.21,27.76,"Pump.fun, bags, letsbonk"
5H7nA4zmyQcKVau8QnVtfvbd9q6r3jZyDpVivUnyKVwp,39509.01,ONBOARDING,P75j5QmQib9Afb7ZdVw5xosjUDZkoLY215H2E7kpump,2026-03-18 0:47:05,326,2,2421.69,2390.59,23.172817,-1535.35,-1535.35,13.12,Pump.fun
FfRwuR6YHgCgqKg2P9xB25KPKXkiH5jTjyhExZmvbZiP,324674.9595,Sunny,3w6EVYyzKzgZrKQZMc2RjCYSK1rbGiGBBjKnxKU7pump,2026-03-19 12:55:32,325,2,2468.35,2455.31,0.066475,18421.26,18421.26,6.56,Pump.fun
3PC5geEFHgPC8vxNcSQK6ubnyPdcuQC5Wiu3KbG4PNay,7720217.172,Vance,BMzv2ZS5952pvMWTzBbjsrBc8JRAqLQmwqERZsEWpump,2025-12-30 23:51:59,325,2,3970.55,3807.43,37.040177,224929.12,224929.12,42.26,"Pump.fun, letsbonk"
4n5Ssh1RvXxEjakc1xHbm2wSYWnZgT8mAYpqrNxv5jeJ,218071.4489,FTO,8fEtodWGZUuiZtPmvwMEcncKe55wnPGxNDGbxK8j8Mqg,2025-12-11 20:37:59,323,2,4104.41,4116.35,86.971376,-3746.74,-10311.62,18.01,"Pump.fun, letsbonk"
3MGH8SfDnBtkgGRxag8xVtwfhEv4QqYAD8FD9JaUm8CA,2267265.506,amen,5DEZasuLuv5F1seDP3Lh6NFoGhjgDTjbTdbGsC59pump,2026-03-11 18:50:11,322,2,3027.69,2749.61,54.729404,28249.61,28249.6,55.98,"Pump.fun, bonkers"
DbWsihGrTkngSnHfX3byVNAciQpuThLBE6Rr8KURAEHm,92733.742,WB,3LVfFfLKDMSTb3KaeRhW3oXZkNFDeXkNqwRpx7r1XufA,2026-03-13 16:46:06,320,2,3520.72,3620.09,27.034833,109358.09,108932.59,28.69,"Pump.fun, letsbonk"
8ur9Px2ffAo76NAF7b5nga5TeKnChXpzijTAXg4fqF8H,59297.632,DOGECHAN,6N9AMskkUAFSqq9d6wd3KdftwaEkwfJMaTKkFWtmpump,2025-11-10 16:24:58,320,2,4797.39,4723.42,8.53565,41896.55,41896.55,49.24,Pump.fun
HTpQKJ6BwSCCW5QUn5GBZ2dBUdUtY8S3CztPpx4YaSdb,60532.734,meme-fill,CxkZDTxi3hnRSN2R9NhyBpz9YgjC7Lub1jJb5G65pump,2025-11-11 17:32:24,320,2,4569.29,4662.69,24.585994,64815.44,64815.44,84.78,"Pump.fun, letsbonk"
95ZCf3jKMHeFYvPXVZW3Ek6AEPDyjebosqnc7eNioVMo,2440094.9,Win,6JUCiMKFPaYAbGgZyyYEMDDut7usLbsuNwhPuNDApump,2026-03-21 17:20:22,318,2,2666.65,2516.02,567.669527,165588.95,165588.95,83.13,"Pump.fun, bonkers, letsbonk, pump_agent"
3rUEYKDtViNnBTWZLo2JGzQL3myfVmQDGJ1eamZJ2MDV,197503.32,MAYHEM,EzudGy5TdRgXNhs3jd4a28V3ARw5VXyjMrZkxQtro8ZH,2025-11-12 16:24:58,317,2,4448.31,4388.17,10.598132,70961.73,70961.73,42.57,"Pump.fun, letsbonk, pump_mayhem"
9rkmZD29rgx8qsNY8bPtgBe28QjsB9Dzr7cR9Qx68baD,33443.137,Kickcoin,EC6DCchAWXm8qyejfTJai833ssVDdAdPvVFRnA6tZ2EN,2025-10-07 21:02:51,317,2,6330.1,6436.87,0.192299,23178.41,23178.41,46.25,Pump.fun
5VZhHfNmm7VyWneU3FfhWJC5pzQ1x7euiyVp4rLFHepw,6737.234,PUMPCRAFT,AY1itKxApZm5RDxybpBdHBKmChYMYJs1zEHryNFkSwk8,2026-03-22 0:26:57,316,2,2461.43,2466.34,0.121487,7018.29,6409.02,25.67,Pump.fun
GT53gvv6zezx9JBLbbsgom3SwE2jvDaDZHrKEySV6JQW,41723.456,.fun,2vYHxPz9x8MXZghW3emH9ABBfQRFcZRob2keS2HPpump,2026-03-22 6:42:07,315,2,2471.89,2468.82,5.386231,123488.82,123488.82,98.5,Pump.fun
79yG3z2PBtK4nnNZCnscnbk5Sb3wfKtZuGSToGjkpoUf,60860.19,PONG,9a84ETza3jsbwixxfm6tZcbMV9uDauSZ2FWE9DNqpump,2025-10-17 3:45:05,315,2,8715.6,6677.8,5.879666,-3663.77,-3671.86,3.45,"Pump.fun, letsbonk"
2VHc4naEUqNEncHhqxksbKqYSPGYuTJ3WunUZfe7YFAi,250895.06,superbowl,6S6eN5Xm5DvhRiYW5DSFtF6fbSubDoug7MiT1YpVpump,2026-03-20 22:17:54,314,2,2431.56,2414.67,115.961285,36284.04,36425.27,65.13,"Pump.fun, pump_agent"
DVZVbtDQuWztwS3s4sjLP8x5YoVr9jYrTz8rPBxCa6Fs,128659.259,Moha,8SSnaekiShG2JyWkh9nSBsbVndPtuPSxqWz8MSX1bonk,2025-10-22 1:42:11,314,2,5363.99,5424.32,2.163083,17674.86,17674.86,37.63,"Pump.fun, letsbonk"
vbXpsjNXdg57VatGKiYN1ZY4ffwqoumPzztCMnJCxd9,495312.53,Terra,FTnNunoFtCN7PtSt8ymcowjb7LTFiJ2FnhFoJ8dRjupx,2026-01-08 12:45:14,312,2,4253.38,4174.36,3.407287,79375.82,79374.7,32.1,"Pump.fun, bags, jup_studio, letsbonk"
3JwkJxvbC7hXHpRHEWLcGYQShCgCfAV7noxyhYdwb9vy,1596106.959,Pedos,8cQynx5ZaJKwdHsuXmSn3Y16RXta7ZTyTS1hW55Gpump,2026-03-20 13:49:52,312,2,2495.95,2445.52,303.671781,40724.25,40660.46,40.83,Pump.fun
CXJ19eWdFUSaUJvadMx11G6AVGuDdnJEbYxFfP37c77N,487574.46,Divine,6foHCPWczSq9uU3PCZqJeNdjP1ba6Qf6YmaZDSHtpump,2025-12-22 17:47:57,311,2,3935.17,3989.71,77.617666,1450.84,1450.84,18.29,"Pump.fun, letsbonk"
FM84XH1PgcSQzwEEWMsAj3AcBzGBvUVoQjQUwTR8LaM,9847.4271,DS,GsWthbDTp4DUri8u5wLJKsW4SV7ckpK4t5k7zWMtpump,2025-11-16 17:33:17,310,2,1671.55,0,0.359393,-283.81,-283.92,0,"Pump.fun, pump_mayhem"
GFA2t9fZVY3jC7wDBPDB8FdsVNzLWgK44J4q7XpP476a,2479773.348,paper,b37NMA81bSgVmC6E5TXyrUndRzwdYycxoLFsG3gpump,2026-03-01 20:19:09,310,2,3805.56,3650.59,4.48901,94101.78,94101.77,51.8,"Pump.fun, letsbonk"
JDFpaH2SeFKaKoc2VvzyZPArHRVJ5mUP3hpNuMjbBB8g,243890.0298,FROGFLAME,EoapWDugqYtD75oWKSnyUbtseN1CkV78FercFszpump,2025-11-26 14:49:27,309,2,4432.68,4077.5,2.021856,-2290.6,-2293.45,12.5,Pump.fun